Model,Test Loss,Test Accuracy
ViT (128 Batch),1.4609985983371734,48.32
ViT (100 Batch),1.4881014740467071,47.66
Vit (Small LR),1.6097106039524078,42.36
ViT (Large LR),1.6596221673488616,39.86
ViT (More Dropout),1.596498954296112,43.22
