Model,Test Loss,Test Accuracy
ViT (128 Batch),1.501701840871497,47.08
ViT (100 Batch),1.5362559425830842,46.39
Vit (Small LR),1.6407663957982124,41.77
ViT (Large LR),1.7064349787144721,38.59
ViT (More Dropout),1.6041037975987302,42.64
