Model,Test Loss,Test Accuracy
ViT (128 Batch),1.4921385336525832,46.21
ViT (100 Batch),1.4740349006652833,46.83
Vit (Small LR),1.677524737164944,39.94
ViT (Large LR),1.6881034645853163,38.17
ViT (More Dropout),1.616657662995254,42.47
