Model,Test Loss,Test Accuracy
ViT (128 Batch),1.445848013162613,47.86
ViT (100 Batch),1.4362912368774414,48.54
Vit (Small LR),1.6132883405685425,41.69
ViT (Large LR),1.6731031250953674,38.26
ViT (More Dropout),1.6064468622207642,42.42
